Name,Designation,Photo,Profile,Avg_rating,no_ratings,id
S. Swapna,Faculty Associate,https://www.mahindrauniversity.edu.in/wp-content/uploads/2023/04/Swapna-Image-removebg-preview.webp,https://www.mahindrauniversity.edu.in/faculty/s-swapna/,0.0,0,0
K. Nartkannai,Faculty Associate,https://www.mahindrauniversity.edu.in/wp-content/uploads/2023/04/MU-profilephoto-_1_-removebg-preview.webp,https://www.mahindrauniversity.edu.in/faculty/k-nartkannai/,0.0,0,1
Sravanthi.A,Faculty Associate,https://www.mahindrauniversity.edu.in/wp-content/uploads/2024/02/Sravanthi.A.webp,https://www.mahindrauniversity.edu.in/faculty/sravanthi-a/,0.0,0,2
Dr. Arya Kumar Bhattacharya,"Professor & Dean_x000D_
Research & Development",https://www.mahindrauniversity.edu.in/wp-content/uploads/2023/03/arya-kumar-bhattacharya_2-removebg-preview.webp,https://www.mahindrauniversity.edu.in/faculty/arya-kumar-bhattacharya/,0.0,0,3
Dr. Bishnu Pal,"Professor & Dean_x000D_
Ecole Centrale School of Engineering & HOD, Physics",https://www.mahindrauniversity.edu.in/wp-content/uploads/2023/06/Bishnu-Pal-Final.webp,https://www.mahindrauniversity.edu.in/faculty/bishnu-p-pal/,0.0,0,4
Visalakshi Talakokula,"Assistant Dean & Professor_x000D_
Civil Engineering",https://www.mahindrauniversity.edu.in/wp-content/uploads/2023/04/visalakshi-talakokila_1-removebg-preview.webp,https://www.mahindrauniversity.edu.in/faculty/visalakshi-talakokula/,0.0,0,5
Paromita Bose,"Associate Professor & HOD, Humanities and Social Sciences",https://www.mahindrauniversity.edu.in/wp-content/uploads/2023/04/Paromita-Bose_0-removebg-preview.webp,https://www.mahindrauniversity.edu.in/faculty/paromita-bose/,0.0,0,6
Salome Benhur,Professor,https://www.mahindrauniversity.edu.in/wp-content/uploads/2023/04/Salome-Benhur_1-removebg-preview.webp,https://www.mahindrauniversity.edu.in/faculty/salome-benhur/,0.0,0,7
Ram Mohan Vemuri,"Professor & HOD, Electronics and Computer Engineering",https://www.mahindrauniversity.edu.in/wp-content/uploads/2023/04/ram-vemuri-removebg-preview.webp,https://www.mahindrauniversity.edu.in/faculty/dr-ram-m-vemuri/,0.0,0,8
Arun Kumar Pujari,"HOD of  AI & CSE, Adviser & Professor Emeritus",https://www.mahindrauniversity.edu.in/wp-content/uploads/2023/03/arun-k-pujari_1-removebg-preview.webp,https://www.mahindrauniversity.edu.in/faculty/arun-k-pujari/,0.0,0,9
Raja Rao Tripuraneni,Professor,https://www.mahindrauniversity.edu.in/wp-content/uploads/2023/04/raja-rao-removebg-preview.webp,https://www.mahindrauniversity.edu.in/faculty/dr-raja-rao-tripuraneni/,0.0,0,10
Rama Murthy Garimella,"Professor, Computer Science and Engineering",https://www.mahindrauniversity.edu.in/wp-content/uploads/2023/04/Rama-Murthy_2-removebg-preview.webp,https://www.mahindrauniversity.edu.in/faculty/rama-murthy/,0.0,0,11
Bhaskar Tamma,Professor,https://www.mahindrauniversity.edu.in/wp-content/uploads/2023/03/bashkar-tamma-removebg-preview.webp,https://www.mahindrauniversity.edu.in/faculty/bhaskar-tamma/,0.0,0,12
G. Bhuvaneswari,Professor,https://www.mahindrauniversity.edu.in/wp-content/uploads/2023/04/bhuvneshvari-removebg-preview.webp,https://www.mahindrauniversity.edu.in/faculty/bhuvaneswari-gurumoorthy/,0.0,0,13
Hari Prasad,"Associate Professor & HOD, Civil Engineering",https://www.mahindrauniversity.edu.in/wp-content/uploads/2023/04/hari-prasad_1-removebg-preview.webp,https://www.mahindrauniversity.edu.in/faculty/dr-hari-prasad/,0.0,0,14
Prabhakar Singh,Associate Professor,https://www.mahindrauniversity.edu.in/wp-content/uploads/2023/03/Prabhakar-Singh_2.webp,https://www.mahindrauniversity.edu.in/faculty/prabhakar-singh/,0.0,0,15
Ranjith Kunnath,"Professor, Mechanical & Aerospace Engineering",https://www.mahindrauniversity.edu.in/wp-content/uploads/2023/04/ranjith-kunnath-removebg-preview.webp,https://www.mahindrauniversity.edu.in/faculty/ranjith-kunnath/,0.0,0,16
Murtaza Bohra,Professor,https://www.mahindrauniversity.edu.in/wp-content/uploads/2023/04/Murtaza-Bohra_1-removebg-preview.webp,https://www.mahindrauniversity.edu.in/faculty/dr-murtaza-bohra/,0.0,0,17
Somnath Ghosh,Professor,https://www.mahindrauniversity.edu.in/wp-content/uploads/2024/05/Prof.-Somnath-Ghosh.webp,https://www.mahindrauniversity.edu.in/faculty/somnath-ghosh/,0.0,0,18
Jayasri Dontabhaktuni,"Associate Professor, Physics",https://www.mahindrauniversity.edu.in/wp-content/uploads/2023/04/Jayasri-D_1-removebg-preview.webp,https://www.mahindrauniversity.edu.in/faculty/jayasri-dontabhaktuni/,0.0,0,19
Chitra Gurnani,"Associate Professor & HOD, Chemistry",https://www.mahindrauniversity.edu.in/wp-content/uploads/2023/04/Chitra-Gurnani_1-removebg-preview.webp,https://www.mahindrauniversity.edu.in/faculty/dr-chitra-gurnani/,0.0,0,20
N. V. Venkatraman,Associate Professor,https://www.mahindrauniversity.edu.in/wp-content/uploads/2023/03/Venkataraman-N-V_2.webp,https://www.mahindrauniversity.edu.in/faculty/n-v-venkataraman/,0.0,0,21
Satish Chandra,Associate Professor,https://www.mahindrauniversity.edu.in/wp-content/uploads/2023/05/Satish_Chandra.webp,https://www.mahindrauniversity.edu.in/faculty/satish-chandra/,0.0,0,22
N. Mythili,Associate Professor,https://www.mahindrauniversity.edu.in/wp-content/uploads/2023/04/mythili-removebg-preview.webp,https://www.mahindrauniversity.edu.in/faculty/dr-n-mythili/,0.0,0,23
Tabitha Chekuri,Associate Professor,https://www.mahindrauniversity.edu.in/wp-content/uploads/2023/03/tabhitha-removebg-preview.webp,https://www.mahindrauniversity.edu.in/faculty/tabitha-chekuri/,0.0,0,24
Aditya Abburi,Associate Professor,https://www.mahindrauniversity.edu.in/wp-content/uploads/2023/03/aditya-aburis-removebg-preview.webp,https://www.mahindrauniversity.edu.in/faculty/dr-aditya-abburi/,0.0,0,25
Dr. Mohd Ataullah Khan,Associate Professor,https://www.mahindrauniversity.edu.in/wp-content/uploads/2023/03/atuallah-removebg-preview.webp,https://www.mahindrauniversity.edu.in/faculty/dr-mohd-ataullah-khan/,0.0,0,26
Bharghava Rajaram,Associate Professor,https://www.mahindrauniversity.edu.in/wp-content/uploads/2023/03/bhargav_1-removebg-preview.webp,https://www.mahindrauniversity.edu.in/faculty/bharghava-rajaram/,0.0,0,27
Mahipal Jetta,"Associate Professor & HOD, Mathematics",https://www.mahindrauniversity.edu.in/wp-content/uploads/2023/04/mahipal-removebg-preview.webp,https://www.mahindrauniversity.edu.in/faculty/mahipal-j/,0.0,0,28
Veerappa Gowda G D,Professor,https://www.mahindrauniversity.edu.in/wp-content/uploads/2025/04/Veerappa-G-D-Gowda.webp,https://www.mahindrauniversity.edu.in/faculty/veerappa-gowda-g-d/,0.0,0,29
Chirala Satyanarayana,Associate Professor,https://www.mahindrauniversity.edu.in/wp-content/uploads/2023/03/chirala-removebg-preview.webp,https://www.mahindrauniversity.edu.in/faculty/chirala-satyanarayana/,0.0,0,30
Abhijit Bhattacharyya,"Professor, Mechanical & Aerospace Engineering",https://www.mahindrauniversity.edu.in/wp-content/uploads/2023/03/abhijit_1.webp,https://www.mahindrauniversity.edu.in/faculty/abhijit-bhattacharyya/,0.0,0,31
Sayantan Hazra,Associate Professor,https://www.mahindrauniversity.edu.in/wp-content/uploads/2023/04/sayantan_hazra_1-removebg-preview.webp,https://www.mahindrauniversity.edu.in/faculty/sayantan-hazra/,0.0,0,32
Sreedhar Madichetty,Professor,https://www.mahindrauniversity.edu.in/wp-content/uploads/2023/04/sree-removebg-preview.webp,https://www.mahindrauniversity.edu.in/faculty/sreedhar-madichetty/,0.0,0,33
Saladi SV Subbarao,Associate Professor,https://www.mahindrauniversity.edu.in/wp-content/uploads/2023/04/Saladi-S.V.-Subbarao_1-removebg-preview.webp,https://www.mahindrauniversity.edu.in/faculty/saladi-s-v-subbarao/,0.0,0,34
Venkata Dilip Pasupuleti,Associate Professor,https://www.mahindrauniversity.edu.in/wp-content/uploads/2023/04/Venkata-Dilip-Kumar-Pasupuleti_1-removebg-preview.webp,https://www.mahindrauniversity.edu.in/faculty/venkata-dilip-kumar-pasupuleti/,0.0,0,35
Om Prakash Patel,Associate Professor,https://www.mahindrauniversity.edu.in/wp-content/uploads/2023/04/om-prakash-removebg-preview.webp,https://www.mahindrauniversity.edu.in/faculty/om-prakash-patel/,0.0,0,36
N. Raghu Kishore,Associate Professor,https://www.mahindrauniversity.edu.in/wp-content/uploads/2023/04/Raghu-Kisore-Neelisetti_2-removebg-preview.webp,https://www.mahindrauniversity.edu.in/faculty/n-raghu-kisore/,0.0,0,37
Deep Seth,Associate Professor,https://www.mahindrauniversity.edu.in/wp-content/uploads/2023/04/Deep-Seth_1-removebg-preview.webp,https://www.mahindrauniversity.edu.in/faculty/dr-deep-seth/,0.0,0,38
Jagan Mohan Padbidri,Associate Professor,https://www.mahindrauniversity.edu.in/wp-content/uploads/2023/04/Jagan-Mohan-P_1-removebg-preview.webp,https://www.mahindrauniversity.edu.in/faculty/jagan-mohan-padbidri/,0.0,0,39
Pulla Kondaiah,Associate Professor,https://www.mahindrauniversity.edu.in/wp-content/uploads/2023/04/Kondaiah-P_1-removebg-preview.webp,https://www.mahindrauniversity.edu.in/faculty/kondaiah-pulla/,0.0,0,40
Manish Kumar Agrawal,Associate Professor,https://www.mahindrauniversity.edu.in/wp-content/uploads/2023/04/Manish-Kumar-Agrawal_1-removebg-preview.webp,https://www.mahindrauniversity.edu.in/faculty/manish-agrawal/,0.0,0,41
Palash Roy Choudhury,Associate Professor,https://www.mahindrauniversity.edu.in/wp-content/uploads/2023/04/Palash-Roy-Choudhury_1-removebg-preview.webp,https://www.mahindrauniversity.edu.in/faculty/palash-roy-choudhury/,0.0,0,42
Prasad Pokkunuri,Associate Professor,https://www.mahindrauniversity.edu.in/wp-content/uploads/2023/04/prasad-removebg-preview.webp,https://www.mahindrauniversity.edu.in/faculty/prasad-pokkunuri/,0.0,0,43
Sebastian Uppapalli,Associate Professor,https://www.mahindrauniversity.edu.in/wp-content/uploads/2023/04/Sebastian-Uppapalli_1-removebg-preview.webp,https://www.mahindrauniversity.edu.in/faculty/sebastian-uppapalli/,0.0,0,44
Rakhee Basu,Associate Professor,https://www.mahindrauniversity.edu.in/wp-content/uploads/2023/04/rakhee-removebg-preview.webp,https://www.mahindrauniversity.edu.in/faculty/rakhee-basu/,0.0,0,45
Sanjukta Das,Associate Professor,https://www.mahindrauniversity.edu.in/wp-content/uploads/2023/04/dr._sujata_das.webp,https://www.mahindrauniversity.edu.in/faculty/dr-sanjukta-das/,0.0,0,46
Neha Bharill,Associate Professor,https://www.mahindrauniversity.edu.in/wp-content/uploads/2023/04/neha-bharill_2__1_-removebg-preview.webp,https://www.mahindrauniversity.edu.in/faculty/neha-bharill/,0.0,0,47
Ravi Kishore,Associate Professor,https://www.mahindrauniversity.edu.in/wp-content/uploads/2023/08/Ravi-Kishore.webp,https://www.mahindrauniversity.edu.in/faculty/ravi-kishore/,0.0,0,48
Jayaprakash Vemuri,Associate Professor,https://www.mahindrauniversity.edu.in/wp-content/uploads/2023/04/jaypraksh-removebg-preview.webp,https://www.mahindrauniversity.edu.in/faculty/dr-jayaprakash-vemuri/,0.0,0,49
Gopinath GR,Associate Professor,https://www.mahindrauniversity.edu.in/wp-content/uploads/2023/04/Gopinath-G-R_2-removebg-preview.webp,https://www.mahindrauniversity.edu.in/faculty/gopinath-g-r/,0.0,0,50
S. S. Krishna Chaitanya Bulusu,Associate Professor,https://www.mahindrauniversity.edu.in/wp-content/uploads/2025/04/S.-S.-Krishna-Chaitanya-Bulusu.webp,https://www.mahindrauniversity.edu.in/faculty/s-s-krishna-chaitanya-bulusu/,0.0,0,51
Sri Kalyana Rama Jyosyula,Associate Professor,https://www.mahindrauniversity.edu.in/wp-content/uploads/2023/04/shri-kalyana-removebg-preview.webp,https://www.mahindrauniversity.edu.in/faculty/sri-kalyana-rama-j/,0.0,0,52
Nagadeepthi Kuchibhatla,Associate Professor,https://www.mahindrauniversity.edu.in/wp-content/uploads/2023/04/Naga-Deepthi-Kuchibhatla_1-removebg-preview.webp,https://www.mahindrauniversity.edu.in/faculty/naga-deepthi-kuchibhatla/,0.0,0,53
Nidhi Goyal,Assistant Professor,https://www.mahindrauniversity.edu.in/wp-content/uploads/2023/05/Nidhi-Goyal.webp,https://www.mahindrauniversity.edu.in/faculty/nidhi-goyal/,0.0,0,54
Veeraiah Thalagondpati,Assistant Professor,https://www.mahindrauniversity.edu.in/wp-content/uploads/2023/04/Veeraiah_1-removebg-preview.webp,https://www.mahindrauniversity.edu.in/faculty/veeraiah-thalagondpati/,0.0,0,55
Deepti Avirneni,"Associate Professor, Civil Engineering",https://www.mahindrauniversity.edu.in/wp-content/uploads/2023/03/avirneni-deepti_1-removebg-preview.webp,https://www.mahindrauniversity.edu.in/faculty/dr-avirneni-deepti/,0.0,0,56
Ankita Jain,Assistant Professor,https://www.mahindrauniversity.edu.in/wp-content/uploads/2023/03/ankita-jain_1-removebg-preview.webp,https://www.mahindrauniversity.edu.in/faculty/dr-ankita-jain/,0.0,0,57
Yayati Gupta,Assistant Professor,https://www.mahindrauniversity.edu.in/wp-content/uploads/2023/04/yayati-gupta_1-removebg-preview.webp,https://www.mahindrauniversity.edu.in/faculty/dr-yayati-gupta/,0.0,0,58
Sowmini Veeramachaneni,Assistant Professor,https://www.mahindrauniversity.edu.in/wp-content/uploads/2023/04/sowmini-removebg-preview.webp,https://www.mahindrauniversity.edu.in/faculty/sowmini-devi-veeramachaneni/,0.0,0,59
Kanchan Jha,Assistant Professor,https://www.mahindrauniversity.edu.in/wp-content/uploads/2023/04/Khanchan_Jha-332x390-removebg-preview.webp,https://www.mahindrauniversity.edu.in/faculty/kanchan-jha/,0.0,0,60
Gouripriya S.,Assistant Professor,https://www.mahindrauniversity.edu.in/wp-content/uploads/2023/04/Gouripriya_332x390_0-removebg-preview.webp,https://www.mahindrauniversity.edu.in/faculty/dr-gouripriya-s/,0.0,0,61
Neeraj,Assistant Professor,https://www.mahindrauniversity.edu.in/wp-content/uploads/2023/04/neeraj_0-removebg-preview.webp,https://www.mahindrauniversity.edu.in/faculty/dr-neeraj/,0.0,0,62
Rahul Roy,Assistant Professor,https://www.mahindrauniversity.edu.in/wp-content/uploads/2023/04/Rahul_Roy_332x390-removebg-preview.webp,https://www.mahindrauniversity.edu.in/faculty/rahul-roy/,0.0,0,63
Gourav Saha,Assistant Professor,https://www.mahindrauniversity.edu.in/wp-content/uploads/2023/04/Dr.Gourav_Saha_332x390-removebg-preview.webp,https://www.mahindrauniversity.edu.in/faculty/gourav-saha/,0.0,0,64
Arun Avinash Chauhan,Assistant Professor,https://www.mahindrauniversity.edu.in/wp-content/uploads/2023/04/Arun-Avinash-CHauhan-removebg-preview.webp,https://www.mahindrauniversity.edu.in/faculty/arun-avinash-chauhan/,0.0,0,65
Poreddy Chaitanya Akshara,Assistant Professor,https://www.mahindrauniversity.edu.in/wp-content/uploads/2023/04/akshara-removebg-preview.webp,https://www.mahindrauniversity.edu.in/faculty/dr-poreddy-chaitanya-akshara/,0.0,0,66
Ramakant,Assistant Professor,https://www.mahindrauniversity.edu.in/wp-content/uploads/2023/04/Ramakant-removebg-preview.webp,https://www.mahindrauniversity.edu.in/faculty/dr-ramakant/,0.0,0,67
Tauheed Ahmed,Assistant Professor,https://www.mahindrauniversity.edu.in/wp-content/uploads/2023/04/Tauheed-Ahmed-removebg-preview.webp,https://www.mahindrauniversity.edu.in/faculty/tauheed-ahmed/,0.0,0,68
Mahesh Chowdary Kongara,Assistant Professor,https://www.mahindrauniversity.edu.in/wp-content/uploads/2023/04/mahesh-removebg-preview.webp,https://www.mahindrauniversity.edu.in/faculty/mahesh-chowdary-kongara/,0.0,0,69
Shabnam Samima,Assistant Professor,https://www.mahindrauniversity.edu.in/wp-content/uploads/2023/04/SHABNAM-removebg-preview.webp,https://www.mahindrauniversity.edu.in/faculty/shabnam-samima/,0.0,0,70
Kamna Pande,Assistant Professor,https://www.mahindrauniversity.edu.in/wp-content/uploads/2023/04/kamna-removebg-preview.webp,https://www.mahindrauniversity.edu.in/faculty/kamna-pande/,0.0,0,71
Vandna Gokhroo,Assistant Professor,https://www.mahindrauniversity.edu.in/wp-content/uploads/2023/03/placeholder-user.webp,https://www.mahindrauniversity.edu.in/faculty/vandna-gokhroo/,0.0,0,72
Keerthi Katam,Assistant Professor,https://www.mahindrauniversity.edu.in/wp-content/uploads/2023/04/keerthi-removebg-preview.webp,https://www.mahindrauniversity.edu.in/faculty/dr-keerthi-katam/,0.0,0,73
Sonu Kumar,Assistant Professor,https://www.mahindrauniversity.edu.in/wp-content/uploads/2023/04/sonu_0-removebg-preview.webp,https://www.mahindrauniversity.edu.in/faculty/dr-sonu-kumar/,0.0,0,74
Janardhan Vistapalli,Associate Professor,https://www.mahindrauniversity.edu.in/wp-content/uploads/2023/04/v-janardhn-removebg-preview.webp,https://www.mahindrauniversity.edu.in/faculty/v-janardhan/,0.0,0,75
Anil Annadi,Associate Professor,https://www.mahindrauniversity.edu.in/wp-content/uploads/2023/04/anil-removebg-preview.webp,https://www.mahindrauniversity.edu.in/faculty/anil-annadi/,0.0,0,76
Dipti Mishra,Assistant Professor,https://www.mahindrauniversity.edu.in/wp-content/uploads/2023/04/dipti-mishra-removebg-preview.webp,https://www.mahindrauniversity.edu.in/faculty/dipti-mishra/,0.0,0,77
Monali Sahu Pathange,Assistant Professor,https://www.mahindrauniversity.edu.in/wp-content/uploads/2023/04/monali-sahu-removebg-preview.webp,https://www.mahindrauniversity.edu.in/faculty/dr-monali-sahu-pathange/,0.0,0,78
Pankaj Narke,Assistant Professor,https://www.mahindrauniversity.edu.in/wp-content/uploads/2023/04/pankaj-removebg-preview.webp,https://www.mahindrauniversity.edu.in/faculty/pankaj-narke/,0.0,0,79
Mashetti Ravibabu,Assistant Professor,https://www.mahindrauniversity.edu.in/wp-content/uploads/2023/04/ravibabu-removebg-preview.webp,https://www.mahindrauniversity.edu.in/faculty/ravibabu-mashetti/,0.0,0,80
Shampa Raghunathan,Assistant Professor,https://www.mahindrauniversity.edu.in/wp-content/uploads/2023/04/shampa-raghunathan-removebg-preview.webp,https://www.mahindrauniversity.edu.in/faculty/shampa-raghunathan/,0.0,0,81
Sherlin Suresh,Assistant Professor,https://www.mahindrauniversity.edu.in/wp-content/uploads/2023/04/sherlin-suresh-removebg-preview.webp,https://www.mahindrauniversity.edu.in/faculty/s-sherlin/,0.0,0,82
Meraj Alam,Assistant Professor,https://www.mahindrauniversity.edu.in/wp-content/uploads/2023/04/meraj-removebg-preview.webp,https://www.mahindrauniversity.edu.in/faculty/meraj-alam/,0.0,0,83
Biswarup Biswas,Assistant Professor,https://www.mahindrauniversity.edu.in/wp-content/uploads/2023/04/biswas-removebg-preview.webp,https://www.mahindrauniversity.edu.in/faculty/biswarup-biswas/,0.0,0,84
Sandeepan Roy,Assistant Professor,https://www.mahindrauniversity.edu.in/wp-content/uploads/2023/08/Sandeepan-Roy.webp,https://www.mahindrauniversity.edu.in/faculty/sandeepan-roy/,0.0,0,85
Sulakshya Gaur,Assistant Professor,https://www.mahindrauniversity.edu.in/wp-content/uploads/2024/07/Sulakshya-Gaur.webp,https://www.mahindrauniversity.edu.in/faculty/sulakshya-gaur/,0.0,0,86
Rakesh Prasad Badoni,Assistant Professor,https://www.mahindrauniversity.edu.in/wp-content/uploads/2023/04/rakesh-prasad-removebg-preview.webp,https://www.mahindrauniversity.edu.in/faculty/rakesh-prasad-badoni/,0.0,0,87
Venkata Rajesh Kumar Tavva,Assistant Professor,https://www.mahindrauniversity.edu.in/wp-content/uploads/2023/04/rajesh-tavva_1-removebg-preview.webp,https://www.mahindrauniversity.edu.in/faculty/rajesh-tavva/,0.0,0,88
Sanatan Sukhija,Assistant Professor,https://www.mahindrauniversity.edu.in/wp-content/uploads/2023/04/santhan-sukhija-removebg-preview.webp,https://www.mahindrauniversity.edu.in/faculty/sanatan-sukhija/,0.0,0,89
Pooran Singh,Associate Professor,https://www.mahindrauniversity.edu.in/wp-content/uploads/2023/04/pooran-singh_1-removebg-preview.webp,https://www.mahindrauniversity.edu.in/faculty/pooran-singh/,0.0,0,90
Chintaman Santosh Bari,Assistant Professor,https://www.mahindrauniversity.edu.in/wp-content/uploads/2024/08/Chintaman-Santosh-Bari.webp,https://www.mahindrauniversity.edu.in/faculty/chintaman-santosh-bari/,0.0,0,91
Subbarao Boddu,Assistant Professor,https://www.mahindrauniversity.edu.in/wp-content/uploads/2023/04/subbaro-removebg-preview.webp,https://www.mahindrauniversity.edu.in/faculty/dr-subbarao-boddu/,0.0,0,92
Sharvani Gadgil,Assistant Professor,https://www.mahindrauniversity.edu.in/wp-content/uploads/2025/01/Sharvani-Gadgil.webp,https://www.mahindrauniversity.edu.in/faculty/sharvani-gadgil/,0.0,0,93
Kumudham Balasubramanian,Assistant Professor,https://www.mahindrauniversity.edu.in/wp-content/uploads/2023/04/Kumudham-Balasubramanian_0-removebg-preview.webp,https://www.mahindrauniversity.edu.in/faculty/kumudham-balasubramanian/,0.0,0,94
Chilakamarri Savitha,Assistant Professor,https://www.mahindrauniversity.edu.in/wp-content/uploads/2023/08/Chilakamarri-Savitha.webp,https://www.mahindrauniversity.edu.in/faculty/chilakamarri-savitha/,0.0,0,95
Nidhi Gupta,Assistant Professor,https://www.mahindrauniversity.edu.in/wp-content/uploads/2023/04/nidhi_0-removebg-preview.webp,https://www.mahindrauniversity.edu.in/faculty/nidhi-gupta/,0.0,0,96
Sunder B,Assistant Professor,https://www.mahindrauniversity.edu.in/wp-content/uploads/2023/01/Sunder-Bukya.webp,https://www.mahindrauniversity.edu.in/faculty/sunder-b/,0.0,0,97
Prafulla Kalapatapu,Assistant Professor,https://www.mahindrauniversity.edu.in/wp-content/uploads/2023/04/Prafulla-Kalapatapu_2-removebg-preview.webp,https://www.mahindrauniversity.edu.in/faculty/prafulla-kalapatapu/,0.0,0,98
Praveen Kumar Alapati,Assistant Professor,https://www.mahindrauniversity.edu.in/wp-content/uploads/2023/04/praveen-kumar_1-removebg-preview.webp,https://www.mahindrauniversity.edu.in/faculty/dr-praveen-kumar-alapati/,0.0,0,99
BhanuKiran Perabathini,Assistant Professor,https://www.mahindrauniversity.edu.in/wp-content/uploads/2023/04/bhanu-removebg-preview.webp,https://www.mahindrauniversity.edu.in/faculty/bhanukiran-perabathini/,0.0,0,100
Gomathi Anandhanatarajan,"Assistant Professor, Chemistry",https://www.mahindrauniversity.edu.in/wp-content/uploads/2023/04/Gomathi-Anandhanatarajan_1-removebg-preview.webp,https://www.mahindrauniversity.edu.in/faculty/dr-gomathi-anandhanatarajan/,0.0,0,101
Harshavardhan Kalathur,Assistant Professor,https://www.mahindrauniversity.edu.in/wp-content/uploads/2023/04/harshavardhan-removebg-preview.webp,https://www.mahindrauniversity.edu.in/faculty/harshavardhan-kalathur/,0.0,0,102
Ravi K. Bompelly,Assistant Professor,https://www.mahindrauniversity.edu.in/wp-content/uploads/2023/04/ravikiran-removebg-preview.webp,https://www.mahindrauniversity.edu.in/faculty/dr-ravi-k-bompelly/,0.0,0,103
Praveen Konka,Assistant Professor,https://www.mahindrauniversity.edu.in/wp-content/uploads/2023/01/Praveen-Konka.webp,https://www.mahindrauniversity.edu.in/faculty/praveen-konka/,0.0,0,104
Devanandham Henry,Assistant Professor,https://www.mahindrauniversity.edu.in/wp-content/uploads/2024/05/Devanandham-Deva-Henry.webp,https://www.mahindrauniversity.edu.in/faculty/devanandham-deva-henry/,0.0,0,105
Manoj Kumar Yadav,Associate Professor,https://www.mahindrauniversity.edu.in/wp-content/uploads/2023/04/Manoj-kumar-Yadav_1-removebg-preview.webp,https://www.mahindrauniversity.edu.in/faculty/manoj-kumar-yadav/,0.0,0,106
Bhogeswara Rao Angara,Assistant Professor,https://www.mahindrauniversity.edu.in/wp-content/uploads/2023/11/Bhogeswara-Rao-Angara-1.webp,https://www.mahindrauniversity.edu.in/faculty/bhogeswara-rao-angara/,0.0,0,107
Nayana Mukherjee,Assistant Professor,https://www.mahindrauniversity.edu.in/wp-content/uploads/2024/07/Nayana-Mukherjee.webp,https://www.mahindrauniversity.edu.in/faculty/nayana-mukherjee/,0.0,0,108
Sayani Das,Assistant Professor,https://www.mahindrauniversity.edu.in/wp-content/uploads/2025/01/Sayani-Das.webp,https://www.mahindrauniversity.edu.in/faculty/sayani-das/,0.0,0,109
Rakesh Kumar,Assistant Professor,https://www.mahindrauniversity.edu.in/wp-content/uploads/2025/01/Rakesh-Kumar.webp,https://www.mahindrauniversity.edu.in/faculty/rakesh-kumar/,0.0,0,110
Ganesh Babu Kodeboyina,Adjunct Professor,https://www.mahindrauniversity.edu.in/wp-content/uploads/2023/03/Ganesh-Babu_1-removebg-preview.webp,https://www.mahindrauniversity.edu.in/faculty/ganesh-babu-kodeboyina/,0.0,0,111
Jayant Lal Bhattacharya,Adjunct Professor,https://www.mahindrauniversity.edu.in/wp-content/uploads/2023/04/J.-L.-Bhattacharya_2-removebg-preview.webp,https://www.mahindrauniversity.edu.in/faculty/jayant-lal-bhattacharya/,0.0,0,112
Raj Narayanan,Assistant Professor,https://www.mahindrauniversity.edu.in/wp-content/uploads/2023/04/Raj-Narayanan_0-removebg-preview.webp,https://www.mahindrauniversity.edu.in/faculty/raj-narayanan/,0.0,0,113
Ani Thomas,Assistant Professor,https://www.mahindrauniversity.edu.in/wp-content/uploads/2023/04/anil-thoms-removebg-preview.webp,https://www.mahindrauniversity.edu.in/faculty/ani-thomas/,0.0,0,114
Bandari Balaji Prashanth,Assistant Professor,https://www.mahindrauniversity.edu.in/wp-content/uploads/2023/04/balaji-removebg-preview.webp,https://www.mahindrauniversity.edu.in/faculty/bandari-balaji-prashanth/,0.0,0,115
Sayoni Laha,Assistant Professor,https://www.mahindrauniversity.edu.in/wp-content/uploads/2023/04/Sayoni-Laha1-removebg-preview.webp,https://www.mahindrauniversity.edu.in/faculty/sayoni-laha/,0.0,0,116
Tamal Kanti Paul,Assistant Professor,https://www.mahindrauniversity.edu.in/wp-content/uploads/2023/04/tamal_kanti_pal_0-removebg-preview.webp,https://www.mahindrauniversity.edu.in/faculty/tamal-kanti-paul/,0.0,0,117
Kalluri Ramalinga Sarma,Adjunct Professor,https://www.mahindrauniversity.edu.in/wp-content/uploads/2023/04/KR-Sarma_1-removebg-preview.webp,https://www.mahindrauniversity.edu.in/faculty/prof-kalluri-ramalinga-sarma/,0.0,0,118
Shivdasini Singh Amin,Professor,https://www.mahindrauniversity.edu.in/wp-content/uploads/2023/05/Shivdasini-Singh-Amin.webp,https://www.mahindrauniversity.edu.in/faculty/dr-shivdasini-s-amin/,0.0,0,119
Shivdasini Singh Amin,Professor,https://www.mahindrauniversity.edu.in/wp-content/uploads/2023/05/Shivdasini-Singh-Amin.webp,https://www.mahindrauniversity.edu.in/faculty/dr-shivdasini-s-amin/,0.0,0,120
M. Sridhar Acharyulu,Professor,https://www.mahindrauniversity.edu.in/wp-content/uploads/2023/04/sridhar-removebg-preview.webp,https://www.mahindrauniversity.edu.in/faculty/dr-sridhar-acharyulu/,0.0,0,121
Manjula Rani Mallepalli,Professor,https://www.mahindrauniversity.edu.in/wp-content/uploads/2023/04/manjulla-mallepalli_0-removebg-preview.webp,https://www.mahindrauniversity.edu.in/faculty/dr-manjula-mallepalli/,0.0,0,122
Vivek Sehrawat,Associate Professor,https://www.mahindrauniversity.edu.in/wp-content/uploads/2023/04/vivek-sehrawat-removebg-preview.webp,https://www.mahindrauniversity.edu.in/faculty/dr-vivek-sehrawat/,0.0,0,123
Nisha Mary Mathew,Associate Professor,https://www.mahindrauniversity.edu.in/wp-content/uploads/2023/04/nisha-mary-mathew-removebg-preview.webp,https://www.mahindrauniversity.edu.in/faculty/dr-nisha-mary-mathew/,0.0,0,124
Amit Kumar Jha,Assistant Professor,https://www.mahindrauniversity.edu.in/wp-content/uploads/2023/07/Dr-Amit-Kumar-Jha.webp,https://www.mahindrauniversity.edu.in/faculty/dr-amit-kumar-jha/,0.0,0,125
Aditi Nidhi,Assistant Professor,https://www.mahindrauniversity.edu.in/wp-content/uploads/2023/04/Aditi-Nidhi-1-scaled.webp,https://www.mahindrauniversity.edu.in/faculty/ms-aditi-nidhi/,0.0,0,126
Mohammed Imtiaz Quadri,Assistant Professor,https://www.mahindrauniversity.edu.in/wp-content/uploads/2023/04/Imtiaz_Quadri-332x390-removebg-preview.webp,https://www.mahindrauniversity.edu.in/faculty/imtiaz-quadri/,0.0,0,127
Aparna Singh,Assistant Professor,https://www.mahindrauniversity.edu.in/wp-content/uploads/2023/04/aparna-removebg-preview.webp,https://www.mahindrauniversity.edu.in/faculty/aparna-singh/,0.0,0,128
Mona Pattanaik,Assistant Professor,https://www.mahindrauniversity.edu.in/wp-content/uploads/2023/04/mona-pattanaik-removebg-preview.webp,https://www.mahindrauniversity.edu.in/faculty/mona-pattanaik/,0.0,0,129
Darshna Gupta,Assistant Professor,https://www.mahindrauniversity.edu.in/wp-content/uploads/2023/04/Ms_Darshna_Gupta-removebg-preview.webp,https://www.mahindrauniversity.edu.in/faculty/darshna-gupta/,0.0,0,130
Vinay Sharma,Associate Professor,https://www.mahindrauniversity.edu.in/wp-content/uploads/2023/04/VINAY-removebg-preview.webp,https://www.mahindrauniversity.edu.in/faculty/dr-vinay-sharma/,0.0,0,131
Rishi Raj Bhardwaj,Assistant Professor,https://www.mahindrauniversity.edu.in/wp-content/uploads/2023/04/rishi-raj-removebg-preview.webp,https://www.mahindrauniversity.edu.in/faculty/rishi-raj-bhardwaj/,0.0,0,132
Mandeep Kaur,Associate Professor,https://www.mahindrauniversity.edu.in/wp-content/uploads/2023/04/mandeep-kaur-removebg-preview.webp,https://www.mahindrauniversity.edu.in/faculty/dr-mandeep-kaur/,0.0,0,133
Anindita Chakrabarty,Assistant Professor,https://www.mahindrauniversity.edu.in/wp-content/uploads/2023/04/anindta-removebg-preview.webp,https://www.mahindrauniversity.edu.in/faculty/dr-anindita-chakrabarty/,0.0,0,134
Ankesh Shreyansh,Assistant Professor,https://www.mahindrauniversity.edu.in/wp-content/uploads/2023/04/ankesh-shreyansh-removebg-preview.webp,https://www.mahindrauniversity.edu.in/faculty/ankesh-shreyansh/,0.0,0,135
Sehar Khwaja,Assistant Professor,https://www.mahindrauniversity.edu.in/wp-content/uploads/2023/04/SEHER-removebg-preview.webp,https://www.mahindrauniversity.edu.in/faculty/dr-sehar-khwaja/,0.0,0,136
Paromita Das Gupta,Assistant Professor,https://www.mahindrauniversity.edu.in/wp-content/uploads/2023/04/Paromita-Das-removebg-preview.webp,https://www.mahindrauniversity.edu.in/faculty/dr-paromita-das-gupta/,0.0,0,137
Tatheer Fatima,Assistant Professor,https://www.mahindrauniversity.edu.in/wp-content/uploads/2023/04/tatheer-fatima-removebg-preview.webp,https://www.mahindrauniversity.edu.in/faculty/tatheer-fatima/,0.0,0,138
Shreeja Ghanta,Assistant Professor,https://www.mahindrauniversity.edu.in/wp-content/uploads/2023/04/shreeja-ganta-removebg-preview.webp,https://www.mahindrauniversity.edu.in/faculty/dr-shreeja-ghanta/,0.0,0,139
Shruti Kakkar,Assistant Professor,https://www.mahindrauniversity.edu.in/wp-content/uploads/2023/04/shruti-kakkar-removebg-preview.webp,https://www.mahindrauniversity.edu.in/faculty/shruti-kakkar/,0.0,0,140
Sridip S. Nambiar,Assistant Professsor,https://www.mahindrauniversity.edu.in/wp-content/uploads/2024/02/Sridip-S.-Nambiar.webp,https://www.mahindrauniversity.edu.in/faculty/sridip-s-nambiar/,0.0,0,141
Vegitha Reddy,Associate Professor,https://www.mahindrauniversity.edu.in/wp-content/uploads/2023/04/vegitha-reddy-removebg-preview.webp,https://www.mahindrauniversity.edu.in/faculty/dr-vegitha-reddy/,0.0,0,142
J. Lakshmi Charan,Assistant Professor,https://www.mahindrauniversity.edu.in/wp-content/uploads/2023/08/J.Lakshmi-Charan.webp,https://www.mahindrauniversity.edu.in/faculty/j-lakshmi-charan/,0.0,0,143
Bangaru Laxmi Jasti,Assistant Professor,https://www.mahindrauniversity.edu.in/wp-content/uploads/2024/08/Bangaru-Laxmi-Jasti.webp,https://www.mahindrauniversity.edu.in/faculty/bangaru-laxmi-jasti/,0.0,0,144
Jaya Sarkar,Assistant Professor,https://www.mahindrauniversity.edu.in/wp-content/uploads/2024/09/Jaya-Sarkar.webp,https://www.mahindrauniversity.edu.in/faculty/jaya-sarkar/,0.0,0,145
Renu Kushram,Assistant Professor,https://www.mahindrauniversity.edu.in/wp-content/uploads/2024/09/Renu-Kushram.webp,https://www.mahindrauniversity.edu.in/faculty/renu-kushram/,0.0,0,146
Neha Tripathi,Assistant Professor,https://www.mahindrauniversity.edu.in/wp-content/uploads/2024/09/Neha-Tripathi.webp,https://www.mahindrauniversity.edu.in/faculty/neha-tripathi/,0.0,0,147
Nazia Akhtar,Assistant Professor,https://www.mahindrauniversity.edu.in/wp-content/uploads/2024/09/Nazia-Akhtar.webp,https://www.mahindrauniversity.edu.in/faculty/nazia-akhtar/,0.0,0,148
Aditi Singh Kavia,Assistant Professor,https://www.mahindrauniversity.edu.in/wp-content/uploads/2024/10/Aditi-Singh-Kavia.webp,https://www.mahindrauniversity.edu.in/faculty/aditi-singh-kavia/,0.0,0,149
Raneeta Pal,Assistant professor,https://www.mahindrauniversity.edu.in/wp-content/uploads/2024/11/Raneeta-Pal.webp,https://www.mahindrauniversity.edu.in/faculty/raneeta-pal/,0.0,0,150
Malti Suri,Assistant Professor,https://www.mahindrauniversity.edu.in/wp-content/uploads/2024/12/Malti-Suri.webp,https://www.mahindrauniversity.edu.in/faculty/malti-suri/,0.0,0,151
Dr. Anadi Saran Pande,Professor & DeanSchool of Management,https://www.mahindrauniversity.edu.in/wp-content/uploads/2023/02/anadi-pande.webp,https://www.mahindrauniversity.edu.in/faculty/anadi-saran-pande/,0.0,0,152
Anandita Mulukutla,Faculty Associate,https://www.mahindrauniversity.edu.in/wp-content/uploads/2023/04/Research_Advisory_-_Images-removebg-preview.webp,https://www.mahindrauniversity.edu.in/faculty/anandita-mulukutla/,0.0,0,153
Catherine Xavier,Faculty Associate,https://www.mahindrauniversity.edu.in/wp-content/uploads/2023/03/placeholder-user.webp,https://www.mahindrauniversity.edu.in/faculty/catherine-xavier/,0.0,0,154
Pradeep Racherla,Professor and Associate DeanSchool of Management,https://www.mahindrauniversity.edu.in/wp-content/uploads/2023/04/pradeep-removebg-preview.webp,https://www.mahindrauniversity.edu.in/faculty/dr-pradeep-racherla/,0.0,0,155
Prof. S. Ramakrishna Velamuri,"Visiting Faculty, School of Management",https://www.mahindrauniversity.edu.in/wp-content/uploads/2023/04/ramkrishna-sir-removebg-preview.webp,https://www.mahindrauniversity.edu.in/faculty/dr-ramakrishna-velamuri/,0.0,0,156
Nilanjan Banik,Professor,https://www.mahindrauniversity.edu.in/wp-content/uploads/2023/04/nilanjan-removebg-preview.webp,https://www.mahindrauniversity.edu.in/faculty/dr-nilanjan-banik/,4.166666666666667,6,157
Dr. Debopam Chakrabarti,Professor,https://www.mahindrauniversity.edu.in/wp-content/uploads/2023/07/Dr.-Debopam-Chakrabarti.webp,https://www.mahindrauniversity.edu.in/faculty/dr-debopam-chakrabarti/,0.0,0,158
Vishwanatha Saragur Ramanna,Professor,https://www.mahindrauniversity.edu.in/wp-content/uploads/2023/04/Vishwanatha_332x390_1-removebg-preview-2.webp,https://www.mahindrauniversity.edu.in/faculty/vishwanatha-s-r/,0.0,0,159
Sanjay Singh,Professor of Practice,https://www.mahindrauniversity.edu.in/wp-content/uploads/2023/04/sanjay-removebg-preview.webp,https://www.mahindrauniversity.edu.in/faculty/sanjay-singh/,0.0,0,160
Pingali Srinivas Rao,Visiting Faculty,https://www.mahindrauniversity.edu.in/wp-content/uploads/2023/04/Srinivas_0-removebg-preview.webp,https://www.mahindrauniversity.edu.in/faculty/srinivas-r-pingali/,0.0,0,161
Sanjay Mansabdar,Professor of Practice,https://www.mahindrauniversity.edu.in/wp-content/uploads/2023/10/Sanjay-Mansabdar.webp,https://www.mahindrauniversity.edu.in/faculty/sanjay-mansabdar/,0.0,0,162
Jyothi Rani Korem,Professor of Practice,https://www.mahindrauniversity.edu.in/wp-content/uploads/2023/05/Jyoti-Korem.webp,https://www.mahindrauniversity.edu.in/faculty/jyothi-rani-korem/,0.0,0,163
Rajesh Gaurav,Professor of Practice,https://www.mahindrauniversity.edu.in/wp-content/uploads/2024/03/Rajesh.webp,https://www.mahindrauniversity.edu.in/faculty/rajesh-gaurav/,0.0,0,164
Manish Gupta,Associate Professor,https://www.mahindrauniversity.edu.in/wp-content/uploads/2023/04/manish-removebg-preview.webp,https://www.mahindrauniversity.edu.in/faculty/dr-manish-gupta/,0.0,0,165
Muneer Shaik,Associate Professor,https://www.mahindrauniversity.edu.in/wp-content/uploads/2023/04/munir-removebg-preview.webp,https://www.mahindrauniversity.edu.in/faculty/dr-muneer-shaik/,0.0,0,166
Shahid Bashir,Assistant Professor,https://www.mahindrauniversity.edu.in/wp-content/uploads/2023/04/Shahid-Bashir-1.webp,https://www.mahindrauniversity.edu.in/faculty/shahid-bashir/,0.0,0,167
Rajesh B,Assistant Professor,https://www.mahindrauniversity.edu.in/wp-content/uploads/2024/09/Rajesh-1.webp,https://www.mahindrauniversity.edu.in/faculty/rajesh-b/,0.0,0,168
Vismaya G,Assistant Professor,https://www.mahindrauniversity.edu.in/wp-content/uploads/2023/07/Vismaya-G.webp,https://www.mahindrauniversity.edu.in/faculty/vismaya-g/,0.0,0,169
Mukesh Narmetta,Assistant Professor,https://www.mahindrauniversity.edu.in/wp-content/uploads/2023/05/Mukesh_Narmetta.webp,https://www.mahindrauniversity.edu.in/faculty/mukesh-narmetta/,0.0,0,170
Soumya Singh,Assistant Professor,https://www.mahindrauniversity.edu.in/wp-content/uploads/2023/06/Soumya-Singh.webp,https://www.mahindrauniversity.edu.in/faculty/soumya-singh/,0.0,0,171
Sindhu Vasireddy,Assistant Professor,https://www.mahindrauniversity.edu.in/wp-content/uploads/2023/04/Sindhu-Vasireddy-332x390-removebg-preview.webp,https://www.mahindrauniversity.edu.in/faculty/dr-sindhu-vasireddy/,0.0,0,172
Anjali Rajan,Assistant Professor,https://www.mahindrauniversity.edu.in/wp-content/uploads/2023/04/anjali-ranjan-removebg-preview-1.webp,https://www.mahindrauniversity.edu.in/faculty/dr-anjali-rajan/,0.0,0,173
Prashant Kumar Gupta,Assistant Professor,https://www.mahindrauniversity.edu.in/wp-content/uploads/2023/04/Prashant_Kumar_Gupta-removebg-preview-1.webp,https://www.mahindrauniversity.edu.in/faculty/dr-prashant-kumar-gupta/,0.0,0,174
Keerti Pendyal,Assistant Professor,https://www.mahindrauniversity.edu.in/wp-content/uploads/2023/04/keerti-removebg-preview.webp,https://www.mahindrauniversity.edu.in/faculty/keerti-pendyal/,0.0,0,175
Pranjal Chandrakar,Assistant Professor,https://www.mahindrauniversity.edu.in/wp-content/uploads/2023/04/pranjal-removebg-preview.webp,https://www.mahindrauniversity.edu.in/faculty/dr-pranjal-chandrakar/,0.0,0,176
George Varghese,Assistant Professor,https://www.mahindrauniversity.edu.in/wp-content/uploads/2023/04/george-varghese-removebg-preview.webp,https://www.mahindrauniversity.edu.in/faculty/dr-george-varghese/,0.0,0,177
Sandhya Banda,Assistant Professor,https://www.mahindrauniversity.edu.in/wp-content/uploads/2024/03/Sandhya_Banda.webp,https://www.mahindrauniversity.edu.in/faculty/sandhya-banda/,0.0,0,178
Nidhin Mathath,Assistant Professor,https://www.mahindrauniversity.edu.in/wp-content/uploads/2024/04/Nidhin-Mathath.webp,https://www.mahindrauniversity.edu.in/faculty/nidhin-mathath/,0.0,0,179
JOSE MANU M A,Assistant Professor,https://www.mahindrauniversity.edu.in/wp-content/uploads/2024/06/JOSE-MANU-M-A.webp,https://www.mahindrauniversity.edu.in/faculty/jose-manu-m-a/,0.0,0,180
Divya Manchanda,Assistant Professor,https://www.mahindrauniversity.edu.in/wp-content/uploads/2024/07/Divya-Manchanda-scaled.webp,https://www.mahindrauniversity.edu.in/faculty/divya-manchanda/,0.0,0,181
Vinay Reddy Venumuddala,Assistant Professor,https://www.mahindrauniversity.edu.in/wp-content/uploads/2024/09/Vinay-Reddy-Venumuddala.webp,https://www.mahindrauniversity.edu.in/faculty/vinay-reddy-venumuddala/,0.0,0,182
Athi Karthick V,Assistant Professor,https://www.mahindrauniversity.edu.in/wp-content/uploads/2024/10/Athi-Karthick-V.webp,https://www.mahindrauniversity.edu.in/faculty/athi-karthick-v/,0.0,0,183
Praharshita Krishna,Assistant Professor,https://www.mahindrauniversity.edu.in/wp-content/uploads/2025/01/Praharshita-Krishna-New.webp,https://www.mahindrauniversity.edu.in/faculty/praharshita-krishna/,0.0,0,184
Neeraj Katewa,Assistant Professor,https://www.mahindrauniversity.edu.in/wp-content/uploads/2025/01/Neeraj-Katewa.webp,https://www.mahindrauniversity.edu.in/faculty/neeraj-katewa/,0.0,0,185
Kirit Ghosh,Assistant Professor,https://www.mahindrauniversity.edu.in/wp-content/uploads/2025/02/Kirit-Ghosh.webp,https://www.mahindrauniversity.edu.in/faculty/kirit-ghosh/,0.0,0,186
Sumit Saxena,Assistant Professor,https://www.mahindrauniversity.edu.in/wp-content/uploads/2025/04/Sumit-Saxena.webp,https://www.mahindrauniversity.edu.in/faculty/sumit-saxena/,0.0,0,187
Sarthak Mohapatra,Assistant Professor,https://www.mahindrauniversity.edu.in/wp-content/uploads/2025/04/Sarthak-Mohapatra.webp,https://www.mahindrauniversity.edu.in/faculty/sarthak-mohapatra/,0.0,0,188
Dr. Srinivasa Rao Srungarapu,Professor & DeanIndira Mahindra School of Education,https://www.mahindrauniversity.edu.in/wp-content/uploads/2023/06/Srinivasa-Rao-Srungarapu.webp,https://www.mahindrauniversity.edu.in/faculty/professor-s-srinivasa-rao/,0.0,0,189
Dr. Srinivasa Rao Srungarapu,Professor & DeanIndira Mahindra School of Education,https://www.mahindrauniversity.edu.in/wp-content/uploads/2023/06/Srinivasa-Rao-Srungarapu.webp,https://www.mahindrauniversity.edu.in/faculty/professor-s-srinivasa-rao/,0.0,0,190
Shivali Tukdeo,Professor,https://www.mahindrauniversity.edu.in/wp-content/uploads/2023/04/shivali-332x390-removebg-preview.webp,https://www.mahindrauniversity.edu.in/faculty/shivali-tukdeo/,0.0,0,191
Shikha Takker,Assistant Professor,https://www.mahindrauniversity.edu.in/wp-content/uploads/2023/05/Shikha_Takker.webp,https://www.mahindrauniversity.edu.in/faculty/shikha-takker/,0.0,0,192
Om Prasad,Assistant Professor,https://www.mahindrauniversity.edu.in/wp-content/uploads/2023/04/Dr.Om_Prasad_332x390-removebg-preview-1.webp,https://www.mahindrauniversity.edu.in/faculty/omprasad/,0.0,0,193
Binay Kumar Pathak,Assistant Professor,https://www.mahindrauniversity.edu.in/wp-content/uploads/2023/04/Binay_Kumar_Pathak.-332x390jpg-removebg-preview.webp,https://www.mahindrauniversity.edu.in/faculty/binay-kumar-pathak/,0.0,0,194
Mizaj K. V.,Assistant Professor,https://www.mahindrauniversity.edu.in/wp-content/uploads/2023/04/Mizaj_332x390_0-removebg-preview.webp,https://www.mahindrauniversity.edu.in/faculty/mizaj-k-v/,0.0,0,195
Jyothi Basu,Assistant Professor,https://www.mahindrauniversity.edu.in/wp-content/uploads/2023/04/yerramadha-jyothi-basu-removebg-preview.webp,https://www.mahindrauniversity.edu.in/faculty/dr-yerramadha-jyothi-basu/,0.0,0,196
Dr. Shashidhar Nanjundaiah,Professor & DeanSchool of Digital Media and Communication,https://www.mahindrauniversity.edu.in/wp-content/uploads/2023/08/Shashidhar_Nanjundaiah.webp,https://www.mahindrauniversity.edu.in/faculty/shashidhar-nanjundaiah/,0.0,0,197
Shivdasini Singh Amin,Professor,https://www.mahindrauniversity.edu.in/wp-content/uploads/2023/05/Shivdasini-Singh-Amin.webp,https://www.mahindrauniversity.edu.in/faculty/dr-shivdasini-s-amin/,0.0,0,198
Rahul Dass,Associate Professor,https://www.mahindrauniversity.edu.in/wp-content/uploads/2023/11/Rahul-Dass.webp,https://www.mahindrauniversity.edu.in/faculty/rahul-dass/,0.0,0,199
Akruti Rao Kandikonda,Academic Associate,https://www.mahindrauniversity.edu.in/wp-content/uploads/2023/10/Akruti-Rao-Kandikonda.webp,https://www.mahindrauniversity.edu.in/faculty/akruti-rao-kandikonda/,0.0,0,200
Deepthi Krishna Thota,Assistant Professor,https://www.mahindrauniversity.edu.in/wp-content/uploads/2023/08/Deepthi-Krishna-Thota-1.webp,https://www.mahindrauniversity.edu.in/faculty/deepthi-krishna-thota/,0.0,0,201
Jyotirmay Das,Assistant Professor,https://www.mahindrauniversity.edu.in/wp-content/uploads/2023/09/JYOTIRMAY-DAS.webp,https://www.mahindrauniversity.edu.in/faculty/jyotirmay-das/,0.0,0,202
Paromita Bose,"Associate Professor & HOD, Humanities and Social Sciences",https://www.mahindrauniversity.edu.in/wp-content/uploads/2023/04/Paromita-Bose_0-removebg-preview.webp,https://www.mahindrauniversity.edu.in/faculty/paromita-bose/,0.0,0,203
Raj Narayanan,Assistant Professor,https://www.mahindrauniversity.edu.in/wp-content/uploads/2023/04/Raj-Narayanan_0-removebg-preview.webp,https://www.mahindrauniversity.edu.in/faculty/raj-narayanan/,0.0,0,204
Ani Thomas,Assistant Professor,https://www.mahindrauniversity.edu.in/wp-content/uploads/2023/04/anil-thoms-removebg-preview.webp,https://www.mahindrauniversity.edu.in/faculty/ani-thomas/,0.0,0,205
Sayoni Laha,Assistant Professor,https://www.mahindrauniversity.edu.in/wp-content/uploads/2023/04/Sayoni-Laha1-removebg-preview.webp,https://www.mahindrauniversity.edu.in/faculty/sayoni-laha/,0.0,0,206
Tamal Kanti Paul,Assistant Professor,https://www.mahindrauniversity.edu.in/wp-content/uploads/2023/04/tamal_kanti_pal_0-removebg-preview.webp,https://www.mahindrauniversity.edu.in/faculty/tamal-kanti-paul/,0.0,0,207
Minhaj Abdullah,Assistant Professor,https://www.mahindrauniversity.edu.in/wp-content/uploads/2025/04/Minhaj-Abdullah.webp,https://www.mahindrauniversity.edu.in/faculty/minhaj-abdullah/,0.0,0,208
Gunjan Sharma,Assistant Professor,https://www.mahindrauniversity.edu.in/wp-content/uploads/2025/04/Gunjan-Sharma.webp,https://www.mahindrauniversity.edu.in/faculty/gunjan-sharma/,0.0,0,209
Dr. B. K. Chakravarthy,"Professor & Dean_x000D_
School of Design Innovation",https://www.mahindrauniversity.edu.in/wp-content/uploads/2023/02/Chakku.webp,https://www.mahindrauniversity.edu.in/faculty/b-k-chakravarthy/,0.0,0,210
Lalit Kumar Das,Advisor & Distinguished Visiting Professor,https://www.mahindrauniversity.edu.in/wp-content/uploads/2024/07/LALIT-KUMAR-DAS.webp,https://www.mahindrauniversity.edu.in/faculty/lalit-kumar-das/,0.0,0,211
Shivdasini Singh Amin,Professor,https://www.mahindrauniversity.edu.in/wp-content/uploads/2023/05/Shivdasini-Singh-Amin.webp,https://www.mahindrauniversity.edu.in/faculty/dr-shivdasini-s-amin/,0.0,0,212
Bhaskar Tamma,Professor,https://www.mahindrauniversity.edu.in/wp-content/uploads/2023/03/bashkar-tamma-removebg-preview.webp,https://www.mahindrauniversity.edu.in/faculty/bhaskar-tamma/,0.0,0,213
Deep Seth,Associate Professor,https://www.mahindrauniversity.edu.in/wp-content/uploads/2023/04/Deep-Seth_1-removebg-preview.webp,https://www.mahindrauniversity.edu.in/faculty/dr-deep-seth/,0.0,0,214
Sonal Hukumpal Singh,Assistant Professor,https://www.mahindrauniversity.edu.in/wp-content/uploads/2023/04/sonal-removebg-preview.webp,https://www.mahindrauniversity.edu.in/faculty/dr-sonal-hukampal-singh/,0.0,0,215
Janardhan Vistapalli,Associate Professor,https://www.mahindrauniversity.edu.in/wp-content/uploads/2023/04/v-janardhn-removebg-preview.webp,https://www.mahindrauniversity.edu.in/faculty/v-janardhan/,0.0,0,216
Rishi Raj Bhardwaj,Assistant Professor,https://www.mahindrauniversity.edu.in/wp-content/uploads/2023/04/rishi-raj-removebg-preview.webp,https://www.mahindrauniversity.edu.in/faculty/rishi-raj-bhardwaj/,0.0,0,217
J. Lakshmi Charan,Assistant Professor,https://www.mahindrauniversity.edu.in/wp-content/uploads/2023/08/J.Lakshmi-Charan.webp,https://www.mahindrauniversity.edu.in/faculty/j-lakshmi-charan/,0.0,0,218
Bhanu Prakash Busagari,Assistant Professor,https://www.mahindrauniversity.edu.in/wp-content/uploads/2023/01/Bhanu-Prakash-Busagari-1.webp,https://www.mahindrauniversity.edu.in/faculty/bhanu-prakash-busagari/,0.0,0,219
Prakash Narkhede,Assistant Professor,https://www.mahindrauniversity.edu.in/wp-content/uploads/2024/10/Prakash-Narkhede.webp,https://www.mahindrauniversity.edu.in/faculty/prakash-narkhede/,0.0,0,220
Chaitanya Solanki,Assistant Professor,https://www.mahindrauniversity.edu.in/wp-content/uploads/2024/10/Chaitanya-Solank.webp,https://www.mahindrauniversity.edu.in/faculty/chaitanya-solanki/,0.0,0,221
Raj Narayanan,Assistant Professor,https://www.mahindrauniversity.edu.in/wp-content/uploads/2023/04/Raj-Narayanan_0-removebg-preview.webp,https://www.mahindrauniversity.edu.in/faculty/raj-narayanan/,0.0,0,222
Sayoni Laha,Assistant Professor,https://www.mahindrauniversity.edu.in/wp-content/uploads/2023/04/Sayoni-Laha1-removebg-preview.webp,https://www.mahindrauniversity.edu.in/faculty/sayoni-laha/,0.0,0,223
Vani Singh,Visiting Professor,https://www.mahindrauniversity.edu.in/wp-content/uploads/2024/08/Vani-Singh.webp,https://www.mahindrauniversity.edu.in/faculty/vani-singh/,0.0,0,224
Chef K. Thirugnanasambantham,"Professor & Dean, The School of Hospitality Management",https://www.mahindrauniversity.edu.in/wp-content/uploads/2023/02/Chef-K-Thirus.webp,https://www.mahindrauniversity.edu.in/faculty/chef-k-thirugnanasambantham/,0.0,0,225
Manan Vaidya,Assistant Professor,https://www.mahindrauniversity.edu.in/wp-content/uploads/2025/04/Manan-Vaidya.webp,https://www.mahindrauniversity.edu.in/faculty/manan-vaidya/,0.0,0,226
Dr. Rajkumar Phatate,Professor & HeadCentre for Innovation and Entrepreneurship,https://www.mahindrauniversity.edu.in/wp-content/uploads/2023/04/Rajkumar-Phatate_1-removebg-preview.webp,https://www.mahindrauniversity.edu.in/faculty/rajkumar-phatate/,0.0,0,227
Dr. Rajkumar Phatate,Professor & HeadCentre for Innovation and Entrepreneurship,https://www.mahindrauniversity.edu.in/wp-content/uploads/2023/04/Rajkumar-Phatate_1-removebg-preview.webp,https://www.mahindrauniversity.edu.in/faculty/rajkumar-phatate/,0.0,0,228
Abhinav Chaturvedi,Associate Professor,https://www.mahindrauniversity.edu.in/wp-content/uploads/2023/04/abhinav.webp,https://www.mahindrauniversity.edu.in/faculty/abhinav-chaturvedi/,0.0,0,229
Keerthi J Kadam,Associate Professor of Practice,https://www.mahindrauniversity.edu.in/wp-content/uploads/2024/03/Keerthi-J-Kadam.webp,https://www.mahindrauniversity.edu.in/faculty/keerthi-j-kadam/,0.0,0,230
Sonal Hukumpal Singh,Assistant Professor,https://www.mahindrauniversity.edu.in/wp-content/uploads/2023/04/sonal-removebg-preview.webp,https://www.mahindrauniversity.edu.in/faculty/dr-sonal-hukampal-singh/,0.0,0,231
Ismail Akbani,Assistant Professor,https://www.mahindrauniversity.edu.in/wp-content/uploads/2023/07/Ismail-Akbani.webp,https://www.mahindrauniversity.edu.in/faculty/ismail-akbani/,0.0,0,232
Dr. Pramod Mantravadi,Professor &  HeadCentre for Executive Education,https://www.mahindrauniversity.edu.in/wp-content/uploads/2023/04/Untitled_design__5_-removebg-preview-1.png,https://www.mahindrauniversity.edu.in/faculty/meher-pramod-mantravadi/,0.0,0,233
Dr. Rajkumar Phatate,Professor & HeadCentre for Innovation and Entrepreneurship,https://www.mahindrauniversity.edu.in/wp-content/uploads/2023/04/Rajkumar-Phatate_1-removebg-preview.webp,https://www.mahindrauniversity.edu.in/faculty/rajkumar-phatate/,0.0,0,234
Shivdasini Singh Amin,Professor,https://www.mahindrauniversity.edu.in/wp-content/uploads/2023/05/Shivdasini-Singh-Amin.webp,https://www.mahindrauniversity.edu.in/faculty/dr-shivdasini-s-amin/,0.0,0,235
Avinash Jhangiani,"Visiting Faculty, Centre for Executive Education",https://www.mahindrauniversity.edu.in/wp-content/uploads/2023/08/Avinash-Jhangiani.webp,https://www.mahindrauniversity.edu.in/faculty/dr-avinash-jhangiani/,0.0,0,236
Mukesh Jain,"Visiting Faculty, Centre for Executive Education",https://www.mahindrauniversity.edu.in/wp-content/uploads/2023/07/Prof.-Mukesh-Jain.webp,https://www.mahindrauniversity.edu.in/faculty/mukesh-jain/,0.0,0,237
Subramanian Chandramouli,"Visiting Faculty, Centre for Executive Education",https://www.mahindrauniversity.edu.in/wp-content/uploads/2023/05/Prof.-Subramanian-Chandramouli.webp,https://www.mahindrauniversity.edu.in/faculty/subramanian-chandramouli/,0.0,0,238
Craig Wing,"Visiting Faculty,_x000D_
Centre for Executive Education",https://www.mahindrauniversity.edu.in/wp-content/uploads/2023/06/Craig-Wing.webp,https://www.mahindrauniversity.edu.in/faculty/craig-wing/,0.0,0,239
U. Srinivasa Rangan,"Visiting Faculty,_x000D_
Centre for Executive Education",https://www.mahindrauniversity.edu.in/wp-content/uploads/2023/06/Rangan-Srinivasa.webp,https://www.mahindrauniversity.edu.in/faculty/u-srinivasa-rangan/,0.0,0,240
Surendra Mansinghka,"Visiting Faculty,_x000D_
Centre for Executive Education",https://www.mahindrauniversity.edu.in/wp-content/uploads/2023/06/Suren-Mansinghka.webp,https://www.mahindrauniversity.edu.in/faculty/surendra-mansinghka/,0.0,0,241
Olivier Tabatoni,"Visiting Faculty,_x000D_
Centre for Executive Education",https://www.mahindrauniversity.edu.in/wp-content/uploads/2023/04/Olivier-Tabatoni-1.webp,https://www.mahindrauniversity.edu.in/faculty/olivier-tabatoni/,0.0,0,242
Jamie Anderson,"Visiting Faculty,_x000D_
Centre for Executive Education",https://www.mahindrauniversity.edu.in/wp-content/uploads/2023/04/Jamie-Anderson-removebg-preview.webp,https://www.mahindrauniversity.edu.in/faculty/jamie-anderson-1/,0.0,0,243
Richard Kolsky (Rick),"Visiting Faculty,_x000D_
Centre for Executive Education",https://www.mahindrauniversity.edu.in/wp-content/uploads/2023/04/Richard-Kolsky-removebg-preview.webp,https://www.mahindrauniversity.edu.in/faculty/richard-kolsky-rick/,0.0,0,244
Sudhanshu Palsule,"Visiting Faculty,_x000D_
Centre for Executive Education",https://www.mahindrauniversity.edu.in/wp-content/uploads/2023/04/Sudhanshu.webp,https://www.mahindrauniversity.edu.in/faculty/sudhanshu-palsule/,0.0,0,245
Rajeshwar Upadhyaya,"Visiting Faculty,_x000D_
Centre for Executive Education",https://www.mahindrauniversity.edu.in/wp-content/uploads/2023/04/Rajeshwar-Upadhyaya-removebg-preview.webp,https://www.mahindrauniversity.edu.in/faculty/rajeshwar-upadhyaya/,0.0,0,246
Jean-Sebastien LANTZ,"Visiting Faculty,_x000D_
Centre for Executive Education",https://www.mahindrauniversity.edu.in/wp-content/uploads/2023/04/Prof-Lantz-removebg-preview.webp,https://www.mahindrauniversity.edu.in/faculty/prof-jean-sebastien-lantz/,0.0,0,247
Anton Musgrave,"Visiting Faculty,_x000D_
Centre for Executive Education",https://www.mahindrauniversity.edu.in/wp-content/uploads/2023/04/Anton-Musgrave-removebg-preview.webp,https://www.mahindrauniversity.edu.in/faculty/anton-musgrave/,0.0,0,248
Srinivasan Ranganathan,"Visiting Faculty,_x000D_
Centre for Executive Education",https://www.mahindrauniversity.edu.in/wp-content/uploads/2023/04/Srinivasan-Ranganathan-removebg-preview.webp,https://www.mahindrauniversity.edu.in/faculty/srinivasan-ranganathan/,0.0,0,249
Gaurav Bhalla,"Visiting Faculty,_x000D_
Centre for Executive Education",https://www.mahindrauniversity.edu.in/wp-content/uploads/2023/04/Dr-Gaurav-Bhalla-removebg-preview.webp,https://www.mahindrauniversity.edu.in/faculty/dr-gaurav-bhalla/,0.0,0,250
Rajanikanth,"Visiting Faculty, Centre for Executive Education",https://www.mahindrauniversity.edu.in/wp-content/uploads/2025/02/Rajanikanth.webp,https://www.mahindrauniversity.edu.in/faculty/rajanikanth/,0.0,0,251
Dr. Rajinder Singh Chauhan,Professor & DeanCentre for Life Sciences,https://www.mahindrauniversity.edu.in/wp-content/uploads/2023/04/rajinder-chauhan-removebg-preview.webp,https://www.mahindrauniversity.edu.in/faculty/rajinder-singh-chauhan/,0.0,0,252
Dr. Rajinder Singh Chauhan,Professor & DeanCentre for Life Sciences,https://www.mahindrauniversity.edu.in/wp-content/uploads/2023/04/rajinder-chauhan-removebg-preview.webp,https://www.mahindrauniversity.edu.in/faculty/rajinder-singh-chauhan/,0.0,0,253
S. Ghosh,Associate Professor,https://www.mahindrauniversity.edu.in/wp-content/uploads/2023/05/s-ghosh-1.webp,https://www.mahindrauniversity.edu.in/faculty/dr-s-ghosh/,0.0,0,254
Mrittika Sengupta,Associate Professor,https://www.mahindrauniversity.edu.in/wp-content/uploads/2023/05/Dr.-Sengupta-Mritika.webp,https://www.mahindrauniversity.edu.in/faculty/mrittika-sengupta/,0.0,0,255
Manu Smriti Singh,Associate Professor,https://www.mahindrauniversity.edu.in/wp-content/uploads/2023/05/Manu-Smriti-Singh-.webp,https://www.mahindrauniversity.edu.in/faculty/manu-smrti-singh/,0.0,0,256
Priyadarshini,Assistant Professor,https://www.mahindrauniversity.edu.in/wp-content/uploads/2023/06/Priyadarshini.webp,https://www.mahindrauniversity.edu.in/faculty/priyadarshini/,0.0,0,257
Ravi Kiran Donthu,Assistant Professor,https://www.mahindrauniversity.edu.in/wp-content/uploads/2023/06/Ravi-Kiran-Donthu.webp,https://www.mahindrauniversity.edu.in/faculty/ravi-kiran-donthu/,0.0,0,258
Aruna Kumar Chelluboyina,Assistant Professor,https://www.mahindrauniversity.edu.in/wp-content/uploads/2023/05/Aruna-Kumar.webp,https://www.mahindrauniversity.edu.in/faculty/aruna-kumar-chelluboyina/,0.0,0,259
Bipin Singh,Assistant Professor,https://www.mahindrauniversity.edu.in/wp-content/uploads/2023/06/Bipin-Singh.webp,https://www.mahindrauniversity.edu.in/faculty/bipinsingh/,0.0,0,260
Sabeeha Hasnain,Assistant Professor,https://www.mahindrauniversity.edu.in/wp-content/uploads/2023/06/Sabeeha-Hasnain.webp,https://www.mahindrauniversity.edu.in/faculty/sabeeha-hasnain/,0.0,0,261
Sanjeev Kumar Choudhry,Assistant Professor,https://www.mahindrauniversity.edu.in/wp-content/uploads/2023/04/Sanjeev_Kumar-332x390-removebg-preview.webp,https://www.mahindrauniversity.edu.in/faculty/sanjeev-kumar/,0.0,0,262
Pijus Kanti Barman,Assistant Professor,https://www.mahindrauniversity.edu.in/wp-content/uploads/2023/01/Pijus-Kanti-Barman.webp,https://www.mahindrauniversity.edu.in/faculty/pijus-barman/,0.0,0,263
Runa Kuley,Assistant Professor,https://www.mahindrauniversity.edu.in/wp-content/uploads/2023/04/Runa_Kuley-removebg-preview.webp,https://www.mahindrauniversity.edu.in/faculty/runa-kuley/,0.0,0,264
Akanksha Singh,Assistant Professor,https://www.mahindrauniversity.edu.in/wp-content/uploads/2023/04/Akanksha_Singh_332x390_0-removebg-preview.webp,https://www.mahindrauniversity.edu.in/faculty/dr-akanksha-singh/,0.0,0,265
Varun Kumar,Assistant Professor,https://www.mahindrauniversity.edu.in/wp-content/uploads/2023/04/Dr.Varun_Kumar-removebg-preview.webp,https://www.mahindrauniversity.edu.in/faculty/dr-varun-kumar/,0.0,0,266
Santosh Thakur,Assistant Professor,https://www.mahindrauniversity.edu.in/wp-content/uploads/2023/04/santosh-thakur-removebg-preview.webp,https://www.mahindrauniversity.edu.in/faculty/dr-santosh-thakur/,0.0,0,267
Jayato Nayak,Assistant Professor,https://www.mahindrauniversity.edu.in/wp-content/uploads/2023/04/jyanto-nayko-removebg-preview.webp,https://www.mahindrauniversity.edu.in/faculty/dr-jayato-nayak/,0.0,0,268
Bhaskar Paidimuddala,Assistant Professor,https://www.mahindrauniversity.edu.in/wp-content/uploads/2023/01/Bhaskar-Paidimuddala.webp,https://www.mahindrauniversity.edu.in/faculty/bhaskar-paidimuddala/,0.0,0,269
Swarit Jasial,Assistant Professor,https://www.mahindrauniversity.edu.in/wp-content/uploads/2024/04/Swarit-Jasial.webp,https://www.mahindrauniversity.edu.in/faculty/swarit-jasial/,0.0,0,270
Srishti Joshi,Assistant Professor,https://www.mahindrauniversity.edu.in/wp-content/uploads/2024/09/Srishti-Joshi.webp,https://www.mahindrauniversity.edu.in/faculty/srishti-joshi/,0.0,0,271
Balan Ramesh,Assistant Professor,https://www.mahindrauniversity.edu.in/wp-content/uploads/2024/10/Balan-Ramesh.webp,https://www.mahindrauniversity.edu.in/faculty/balan-ramesh/,5.0,2,272
Sudhanshu Shanker,Assistant Professor,https://www.mahindrauniversity.edu.in/wp-content/uploads/2024/10/Sudhanshu-Shanker.webp,https://www.mahindrauniversity.edu.in/faculty/sudhanshu-shanker/,0.0,0,273
Sarat Chandra Togarcheti,,https://www.mahindrauniversity.edu.in/wp-content/uploads/2024/10/Sarat-Chandra-Togarcheti.webp,https://www.mahindrauniversity.edu.in/faculty/sarat-chandra-togarcheti/,0.0,0,274
Dr. Anirban Ghosh,Professor & HeadCentre for Sustainability,https://www.mahindrauniversity.edu.in/wp-content/uploads/2024/01/Anirban-Ghosh.webp,https://www.mahindrauniversity.edu.in/faculty/mr-anirban-ghosh/,0.0,0,275
Surekha Tetali,Assistant Professor,https://www.mahindrauniversity.edu.in/wp-content/uploads/2024/08/Surekha-Tetali.webp,https://www.mahindrauniversity.edu.in/faculty/surekha-tetali/,0.0,0,276
Sonam Sahoo,Assistant Professor,https://www.mahindrauniversity.edu.in/wp-content/uploads/2024/10/Sonam-Sahoo.webp,https://www.mahindrauniversity.edu.in/faculty/sonam-sahoo/,0.0,0,277
Balasubramanian Sambasivam,Assistant Professor,https://www.mahindrauniversity.edu.in/wp-content/uploads/2025/01/Balasubramanian-Sambasivam.webp,https://www.mahindrauniversity.edu.in/faculty/balasubramanian-sambasivam/,0.0,0,278
Sonam Sahu,Assistant Professor,https://www.mahindrauniversity.edu.in/wp-content/uploads/2025/04/Sonam-Sahu.webp,https://www.mahindrauniversity.edu.in/faculty/sonam-sahu/,0.0,0,279
